UE0001,3,
UE0002,3,
UE0003,3,
UE0004,3,
UE0005,3,
UE0006,3,,UE0001
UE0007,3,,UE0002
UE0008,3,,UE0003
UE0009,3,,UE0004
UE0010,3,,UE0005
UE0011,3,,UE0006
UE0012,3,,UE0007
UE0013,3,,UE0008
UE0014,3,,UE0009
UE0015,3,,UE0010
UE0016,3,,UE0011
UE0017,3,,UE0012
UE0018,3,,UE0013
UE0019,3,,UE0014
UE0020,3,,UE0015
UE0021,3,,UE0016
UE0022,3,,UE0017
UE0023,3,,UE0018
UE0024,3,,UE0019
UE0025,3,,UE0020
UE0026,3,MIASHSMIAGE,
UE0027,3,MIASHSMIAGE,
UE0028,3,MIASHSMIAGE,
UE0029,3,MIASHSMIAGE,
UE0030,3,MIASHSMIAGE,
UE0031,3,MIASHSMIAGE,UE0051
UE0032,3,MIASHSMIAGE,UE0052
UE0033,3,MIASHSMIAGE,UE0053
UE0034,3,MIASHSMIAGE,UE0054
UE0035,3,MIASHSMIAGE,UE0055
UE0036,3,MIASHSMIAGE,UE0056
UE0037,3,MIASHSMIAGE,UE0057
UE0038,3,MIASHSMIAGE,UE0058
UE0039,3,MIASHSMIAGE,UE0059
UE0040,3,MIASHSMIAGE,UE0060
UE0041,3,MIASHSMIAGE,UE0061
UE0042,3,MIASHSMIAGE,UE0062
UE0043,3,MIASHSMIAGE,UE0063
UE0044,3,MIASHSMIAGE,UE0064
UE0045,3,MIASHSMIAGE,UE0065
UE0046,3,MIASHSMIAGE,UE0066
UE0047,3,MIASHSMIAGE,UE0067
UE0048,3,MIASHSMIAGE,UE0068
UE0049,3,MIASHSMIAGE,UE0069
UE0050,3,MIASHSMIAGE,UE0070
UE0051,3,MDSMIAGE,
UE0052,3,MDSMIAGE,
UE0053,3,MDSMIAGE,
UE0054,3,MDSMIAGE,
UE0055,3,MDSMIAGE,
UE0056,3,MDSMIAGE,UE0101
UE0057,3,MDSMIAGE,UE0102
UE0058,3,MDSMIAGE,UE0103
UE0059,3,MDSMIAGE,UE0104
UE0060,3,MDSMIAGE,UE0105
UE0061,3,MDSMIAGE,UE0106
UE0062,3,MDSMIAGE,UE0107
UE0063,3,MDSMIAGE,UE0108
UE0064,3,MDSMIAGE,UE0109
UE0065,3,MDSMIAGE,UE0110
UE0066,3,MDSMIAGE,UE0111
UE0067,3,MDSMIAGE,UE0112
UE0068,3,MDSMIAGE,UE0113
UE0069,3,MDSMIAGE,UE0114
UE0070,3,MDSMIAGE,UE0115
UE0071,3,MDSMIAGE,UE0116
UE0072,3,MDSMIAGE,UE0117
UE0073,3,MDSMIAGE,UE0118
UE0074,3,MDSMIAGE,UE0119
UE0075,3,MDSMIAGE,UE0120
UE0076,3,MIHMMIAGE,
UE0077,3,MIHMMIAGE,
UE0078,3,MIHMMIAGE,
UE0079,3,MIHMMIAGE,
UE0080,3,MIHMMIAGE,
UE0081,3,MIHMMIAGE,UE0151
UE0082,3,MIHMMIAGE,UE0152
UE0083,3,MIHMMIAGE,UE0153
UE0084,3,MIHMMIAGE,UE0154
UE0085,3,MIHMMIAGE,UE0155
UE0086,3,MIHMMIAGE,UE0156
UE0087,3,MIHMMIAGE,UE0157
UE0088,3,MIHMMIAGE,UE0158
UE0089,3,MIHMMIAGE,UE0159
UE0090,3,MIHMMIAGE,UE0160
UE0091,3,MIHMMIAGE,UE0161
UE0092,3,MIHMMIAGE,UE0162
UE0093,3,MIHMMIAGE,UE0163
UE0094,3,MIHMMIAGE,UE0164
UE0095,3,MIHMMIAGE,UE0165
UE0096,3,MIHMMIAGE,UE0166
UE0097,3,MIHMMIAGE,UE0167
UE0098,3,MIHMMIAGE,UE0168
UE0099,3,MIHMMIAGE,UE0169
UE0100,3,MIHMMIAGE,UE0170
UE0101,3,MDSSMIAGE,
UE0102,3,MDSSMIAGE,
UE0103,3,MDSSMIAGE,
UE0104,3,MDSSMIAGE,
UE0105,3,MDSSMIAGE,
UE0106,3,MDSSMIAGE,UE0201
UE0107,3,MDSSMIAGE,UE0202
UE0108,3,MDSSMIAGE,UE0203
UE0109,3,MDSSMIAGE,UE0204
UE0110,3,MDSSMIAGE,UE0205
UE0111,3,MDSSMIAGE,UE0206
UE0112,3,MDSSMIAGE,UE0207
UE0113,3,MDSSMIAGE,UE0208
UE0114,3,MDSSMIAGE,UE0209
UE0115,3,MDSSMIAGE,UE0210
UE0116,3,MDSSMIAGE,UE0211
UE0117,3,MDSSMIAGE,UE0212
UE0118,3,MDSSMIAGE,UE0213
UE0119,3,MDSSMIAGE,UE0214
UE0120,3,MDSSMIAGE,UE0215
UE0121,3,MDSSMIAGE,UE0216
UE0122,3,MDSSMIAGE,UE0217
UE0123,3,MDSSMIAGE,UE0218
UE0124,3,MDSSMIAGE,UE0219
UE0125,3,MDSSMIAGE,UE0220